vrai,predict
298,256.90906349206347
243,239.2975793650794
0,0.0
0,0.0
0,0.0
83,85.17624999999998
0,0.0
0,0.0
17,14.930670634920636
0,0.0
0,0.0
0,0.0
0,0.0
0,0.0
0,0.0
0,0.0
2,5.228757936507936
4,6.843242063492061
21,20.693741341991345
19,11.547811327561327
0,0.0
0,0.0
0,0.0
0,0.0
0,0.0
0,0.0
0,0.0
0,0.0
1,5.15015873015873
0,0.0
31,21.406402958152963
0,0.0
-8,-8.086880952380952
0,0.0
44,42.230845238095235
0,0.0
0,0.0
0,0.0
36,23.15390873015873
0,0.0
-8,-7.857742063492062
-1,-4.263928571428572
0,0.0
0,0.0
0,0.0
12,17.04153174603174
2,3.5393412698412687
0,0.0
9,5.057953102453103
0,0.0
0,0.0
0,0.0
0,0.0
34,45.131309523809534
17,23.689218253968253
-8,-8.898623321123322
0,0.0
21,21.00237301587302
11,8.35336507936508
25,18.728214285714287
0,0.0
0,0.0
0,0.0
13,21.34383585858586
0,0.0
0,0.0
0,0.0
213,189.66498015873012
249,204.8125436507936
0,0.0
0,0.0
0,0.0
-9,-7.088560245310245
0,0.0
455,430.8141053391054
0,0.0
0,0.0
4,11.659686507936506
0,0.0
0,0.0
17,7.678976190476191
0,0.0
0,0.0
0,0.0
0,0.0
0,0.0
0,0.0
0,0.0
0,0.0
0,0.0
0,0.0
-10,-9.98681746031746
0,0.0
0,0.0
0,0.0
0,0.0
-4,5.919710317460318
0,0.0
21,14.645388888888885
0,0.0
0,0.0
0,0.0
38,44.097633838383835
0,0.0
0,0.0
0,0.0
0,0.0
26,21.42009126984127
0,0.0
0,0.0
25,24.061708152958154
-2,-2.775646825396826
0,0.0
-9,-8.294119047619047
249,258.501436063936
0,0.0
0,0.0
11,17.339518398268396
38,24.44581349206348
0,0.0
0,0.0
0,0.0
52,87.20817460317461
2,1.8229325396825395
0,0.0
0,0.0
182,217.20538095238092
0,0.0
428,381.62528174603193
0,0.0
0,0.0
0,0.0
21,29.302452380952385
0,0.0
-9,-9.187071067821066
-12,-9.099686507936505
0,27.423273809523806
0,0.0
0,0.0
0,0.0
0,0.0
269,275.6786388888888
0,0.0
0,0.0
74,91.61152275502272
4,17.499086940836943
7,6.568598484848485
82,101.62732936507935
0,0.0
25,28.193714285714286
0,0.0
0,0.0
0,0.0
0,0.0
0,0.0
0,0.0
0,0.0
0,0.0
9,21.93569444444444
0,0.0
0,0.0
0,0.0
0,0.0
0,0.0
4,2.718392857142857
0,0.0
0,0.0
295,294.36196031746033
0,0.0
0,0.0
-7,-8.954011904761906
0,0.0
0,0.0
0,0.0
0,0.0
0,0.0
0,0.0
0,0.0
19,16.906428571428577
0,0.0
0,0.0
14,17.455081890331893
0,0.0
0,0.0
0,0.0
0,0.0
0,0.0
0,0.0
0,0.0
17,6.901821428571428
0,0.0
0,0.0
0,0.0
107,86.58313095238094
82,66.81510317460317
0,0.0
0,0.0
0,0.0
0,0.0
0,0.0
-8,-9.00333658008658
0,0.0
0,0.0
0,0.0
0,2.92993759018759
0,0.0
0,0.0
0,0.0
0,0.0
0,0.0
258,269.83124458874454
0,0.0
0,0.0
0,0.0
0,0.0
0,0.0
22,31.57088564213564
0,0.0
0,0.0
0,0.0
0,0.0
88,83.59781024531028
0,0.0
4,3.4364404761904757
0,0.0
276,256.31725793650793
5,14.90130772005772
36,54.93476587301585
0,0.0
0,0.0
0,0.0
0,0.0
0,0.0
0,0.0
0,0.0
0,0.0
0,0.0
58,66.76323015873018
14,10.541025613275613
0,0.0
0,0.0
0,0.0
0,0.0
0,0.0
0,0.0
0,0.0
0,0.0
0,0.0
0,0.0
0,0.0
0,0.0
8,9.972083333333332
0,0.0
0,0.0
0,0.0
30,36.409095238095226
0,0.0
0,0.0
6,9.770332972582974
0,0.0
0,0.0
0,0.0
0,0.0
0,0.0
0,0.0
0,0.0
0,0.0
0,0.0
2,3.297797619047618
0,0.0
96,109.15903932178935
37,26.50572582972582
0,0.0
24,22.72891955266956
-4,-9.197360750360751
0,0.0
116,86.25214682539685
0,0.0
0,0.0
0,0.0
0,0.0
0,0.0
0,0.0
0,0.0
0,0.0
0,0.0
0,0.0
0,0.0
0,0.0
0,0.0
0,0.0
0,0.0
0,0.0
0,0.0
0,0.0
0,0.0
0,0.0
0,0.0
0,0.0
-8,0.9057738095238094
0,0.0
186,175.81682720057717
0,0.0
0,0.0
0,3.678460317460318
0,0.0
0,0.0
303,386.4472261904764
0,0.0
244,223.45754761904763
0,0.0
5,5.063793650793651
0,0.0
0,0.0
0,0.0
0,0.0
0,0.0
0,0.0
0,0.0
0,0.0
0,0.0
0,0.0
0,0.0
0,0.0
0,0.0
0,0.0
0,0.0
0,0.0
-9,-9.98599603174603
0,0.0
0,0.0
0,0.0
0,0.0
381,349.01390476190477
0,0.0
24,28.0794246031746
65,67.67492063492064
0,0.0
0,0.0
0,0.0
0,0.0
0,0.0
0,0.0
35,36.17047258297258
0,0.0
0,0.0
0,0.0
0,0.0
3,9.011309523809523
40,33.68364285714285
8,4.665698412698413
0,0.0
0,0.0
3,55.58360714285713
0,0.0
0,0.0
0,0.0
0,0.0
96,94.01707936507935
0,0.0
5,3.834238095238096
0,0.0
6,6.30909523809524
0,0.0
3,5.194928571428571
7,6.650686507936507
241,234.685
12,13.098416666666667
0,0.0
49,16.832930735930734
0,0.0
4,4.035984126984126
0,0.0
0,0.0
0,0.0
0,0.0
0,0.0
0,0.0
0,0.0
0,0.0
0,0.0
0,0.93598556998557
97,83.59161471861472
262,222.1045634920635
0,0.0
0,0.0
0,0.0
0,0.0
0,0.0
0,0.0
0,0.0
0,0.0
150,207.35683333333338
0,0.0
63,56.01984992784992
0,0.0
0,0.0
0,0.0
0,0.0
-1,-2.0594841269841275
2,2.046011904761905
3,4.417746031746031
0,0.0
0,0.0
0,0.0
0,0.0
0,0.0
0,0.0
0,0.0
0,0.0
0,0.0
0,0.0
0,0.0
-9,-8.380940476190476
0,0.0
0,0.0
0,0.0
0,0.0
0,0.0
0,0.0
0,0.0
0,0.0
0,0.0
0,0.0
27,23.9018253968254
13,7.236325396825398
16,17.458003968253966
0,0.0
0,0.0
84,98.00866269841273
0,0.0
0,0.0
0,0.0
0,0.0
0,0.0
0,0.0
0,0.0
0,0.0
0,0.0
0,0.0
195,133.94383333333334
0,0.0
0,0.0
0,0.0
0,0.0
0,0.0
0,0.0
0,0.0
0,0.0
0,0.0
22,30.096174603174596
0,0.0
0,0.0
4,1.7440119047619043
0,0.0
0,0.0
15,20.274400793650788
0,0.0
0,0.0
0,0.0
0,0.0
1,2.6373373015873023
0,0.0
0,0.0
0,0.0
17,20.550853174603176
10,9.35011507936508
0,0.0
26,13.501577922077926
0,0.0
0,0.0
0,0.0
1,4.179750000000001
0,0.0
0,0.0
0,0.0
0,0.0
0,0.0
0,0.0
0,0.0
57,44.894123015873
0,0.0
0,0.0
0,0.0
39,74.5651507936508
0,0.0
108,83.14587626262626
29,15.718642857142859
17,13.565972943722944
20,18.032592712842714
0,0.0
0,40.32
0,0.0
0,0.0
0,0.0
0,0.0
0,0.0
5,5.326531746031745
0,0.0
0,0.0
0,0.0
0,0.0
78,86.07865873015874
0,0.0
-8,-8.840722222222222
-7,-8.258753968253966
0,0.0
0,0.0
0,0.0
0,0.0
22,17.20425
176,224.46399603174606
0,0.0
0,0.0
37,31.851595238095243
0,0.0
17,25.003384920634925
16,36.555936507936515
0,0.0
1,7.321178571428574
117,113.59370202020202
2,6.606678571428572
220,189.4174343434344
29,40.639194444444435
22,16.425253968253973
63,63.15414285714285
0,0.0
12,11.877972222222217
0,0.0
0,0.0
0,0.0
0,0.0
43,28.153023809523805
-3,-3.546230463980462
0,0.0
15,3.9921305916305916
0,0.0
0,1.6267777777777779
0,0.0
0,0.0
0,0.0
68,92.74338492063492
0,0.0
0,0.0
10,7.481034992784991
0,0.0
0,0.0
0,0.0
0,0.0
0,0.0
10,12.157579365079366
0,0.0
0,0.0
0,0.0
0,0.0
0,0.0
0,0.0
0,0.0
30,19.688599206349203
0,0.0
0,0.0
0,0.0
0,0.0
0,0.0
0,0.0
0,0.0
0,0.9448149350649352
7,10.085380952380952
118,195.11809920634917
0,0.0
0,0.0
0,0.0
0,0.0
0,0.0
0,0.0
0,0.0
0,0.0
3,7.573507936507936
-4,-3.395242063492064
0,0.0
16,14.739675324675325
0,0.0
6,11.311150793650794
0,0.0
0,0.0
0,0.0
0,0.0
0,0.0
0,0.0
0,0.0
0,0.0
10,11.426781746031741
0,0.0
0,0.0
0,0.0
3,4.611952380952381
0,0.0
27,24.68120634920634
0,0.0
291,275.72585714285714
9,7.01238492063492
0,0.0
47,68.40687049062049
0,0.0
3,7.999909090909093
0,0.0
20,20.094059523809523
0,0.0
12,15.95479761904762
0,0.0
0,0.0
38,30.569222222222223
0,0.0
0,0.0
0,0.0
0,0.0
0,0.0
29,23.9093253968254
49,39.916164141414136
0,0.0
42,35.952822150072166
0,0.0
-3,-2.0995043290043287
0,0.0
0,0.0
0,0.0
0,0.0
0,0.0
0,0.0
82,79.88279365079364
0,0.0
0,0.0
12,12.678297619047619
0,0.0
0,0.0
19,31.243900793650795
0,0.0
0,0.0
0,0.0
2,3.992412698412699
0,0.0
0,0.0
0,0.0
0,0.0
0,0.0
0,0.0
0,0.0
0,0.0
0,0.0
0,0.0
0,0.0
0,0.0
0,0.0
0,0.0
0,0.0
0,0.0
0,0.0
215,128.142
0,0.0
0,0.0
0,0.0
0,0.0
0,0.0
0,0.5164880952380951
0,0.0
0,0.0
0,0.0
0,0.0
2,4.336075396825398
5,5.06138888888889
0,0.0
-8,-8.22124134199134
23,20.589576118326114
0,0.0
0,0.0
0,0.0
0,0.0
0,0.0
0,0.0
0,0.0
77,74.3230753968254
0,0.0
0,0.0
256,213.23355555555565
0,0.0
0,0.0
2,11.535619047619045
0,0.0
6,6.817409090909092
0,0.0
0,0.0
0,0.0
0,0.0
0,0.0
0,0.0
11,3.7900530303030284
0,0.0
0,0.0
0,0.0
0,0.0
0,0.0
0,0.0
2,3.3840934343434346
0,0.0
0,0.0
0,0.0
51,43.51171428571428
24,28.695137001886998
0,0.0
0,0.3684880952380953
47,41.914769841269816
0,0.0
0,0.0
0,0.0
0,0.0
0,0.0
0,0.0
0,0.0
10,7.362297619047621
0,0.0
0,0.0
0,0.0
-7,-8.337115079365079
0,0.0
0,0.0
0,0.0
0,0.0
13,13.173424603174603
0,0.0
0,0.0
0,0.0
0,0.0
0,0.0
0,0.0
0,0.0
12,14.386798340548342
0,0.0
4,11.78542857142857
0,0.0
0,0.0
0,0.0
0,0.0
16,14.728436507936506
-8,-9.129873015873015
-8,-8.324493284493284
0,0.0
29,39.644623015873
0,0.0
0,0.0
19,27.83447005772007
5,4.775289682539683
0,0.0
0,0.0
0,0.0
0,0.0
26,16.413150793650793
0,0.0
0,0.0
0,0.0
0,0.0
0,0.0
0,0.0
29,23.02450396825397
113,129.84026984126984
0,0.0
0,0.0
0,0.0
6,6.448607142857144
0,0.0
35,30.877662698412692
0,0.0
0,0.0
19,13.01649603174603
0,0.0
67,88.35757936507933
0,0.0
24,27.7268106060606
0,0.0
0,0.0
0,0.0
0,0.0
0,0.0
0,0.0
27,15.105670329670328
0,0.0
0,0.0
200,256.01939862914867
0,0.0
0,0.0
0,0.0
0,0.0
0,0.0
0,0.0
0,0.0
3,5.120670634920637
0,0.0
-17,21.705630952380954
0,0.0
2,4.085021645021644
0,0.0
0,0.0
0,0.0
0,0.0
149,153.35384126984124
31,43.54904797979797
0,0.0
0,0.0
-5,-8.133809523809525
0,0.0
0,0.0
25,30.24766269841271
0,0.0
0,0.0
0,0.0
0,0.0
0,0.0
23,21.422226190476184
0,0.0
0,0.0
18,22.20767857142857
44,21.470373015873022
0,0.0
0,0.0
0,0.0
0,0.0
0,0.0
59,85.61969841269844
-3,-2.183948773448773
282,206.72386904761908
0,0.0
0,0.0
1,4.866523448773449
0,0.0
34,11.318051587301586
52,39.823976190476195
304,330.2036865079365
0,0.0
0,0.0
0,0.0
0,0.0
0,0.0
0,0.0
0,0.0
173,207.03794047619053
0,0.0
13,11.802753968253967
0,0.0
0,0.0
4,4.89031746031746
0,0.0
0,0.0
0,0.0
-9,-7.558583333333332
24,25.663891053391055
0,0.0
0,0.0
0,0.0
-8,-5.2594772727272705
-7,-8.75490007215007
-9,-9.129440476190474
0,0.0
0,0.0
5,4.157829365079364
14,13.984154761904758
0,0.0
0,0.0
0,0.0
0,0.0
7,4.855226190476191
0,0.0
0,0.0
0,0.0
0,0.0
0,0.0
0,0.0
101,64.86000072150073
0,0.0
0,0.0
0,0.0
9,11.018591269841268
186,182.0252175324675
-4,-6.698611111111109
5,2.719448412698412
0,0.0
0,0.0
0,0.0
0,0.0
10,14.957507936507934
0,0.0
0,0.0
22,18.222636363636365
0,0.0
0,0.0
0,0.0
0,0.0
0,0.0
0,0.0
74,81.18980555555555
0,0.0
0,0.0
0,0.0
0,0.0
164,161.7930396825397
0,0.0
12,18.12065476190476
50,42.782210317460304
3,5.3076464646464645
-10,-11.626174603174604
0,0.0
118,128.20972619047623
0,0.0
6,5.769150793650794
180,105.462
0,0.0
-6,-8.540613636363636
0,0.0
0,0.0
48,23.024558802308803
-6,-7.156599206349206
14,32.374904761904766
0,0.0
0,0.0
0,0.0
-8,-7.914642857142857
0,0.0
0,0.0
0,0.0
0,0.0
-6,-7.428559523809523
5,6.110380952380948
0,0.0
1,1.8032002164502163
23,62.78826010101009
0,0.0
0,0.0
30,46.7911204906205
0,0.0
20,31.400690115440106
24,40.614198412698414
0,0.0
0,0.0
0,0.0
3,1.7608571428571418
0,0.0
0,1.44
152,106.94445238095241
0,0.0
0,0.0
2,2.0267817460317463
0,0.0
33,29.980896825396822
0,0.0
0,0.0
57,51.546862914862935
0,0.0
0,0.0
0,0.0
4,5.248067460317459
0,0.0
0,0.0
24,20.844503968253967
0,0.0
0,0.0
3,3.8702222222222225
21,22.021376984126988
-3,-3.7008095238095238
0,0.0
0,0.0
0,4.911035714285714
315,282.32427633477636
20,16.080224025974022
-5,-8.206484126984126
0,0.0
0,0.0
13,17.370224025974025
0,0.0
0,0.0
0,0.0
0,0.0
0,0.0
0,0.0
0,0.0
2,6.382329365079366
0,0.0
0,0.0
0,0.0
0,0.0
0,0.0
0,0.0
11,16.248166666666666
0,0.0
0,0.0
0,0.0
37,28.577091269841265
0,0.0
0,0.0
0,0.0
0,0.0
0,0.0
0,0.0
0,0.0
238,257.00312301587303
0,0.0
0,0.0
0,0.0
0,0.0
0,0.0
0,0.0
0,0.0
0,0.0
111,118.50254365079365
-5,-8.08082142857143
2,3.5105992063492066
-5,-8.223912698412699
0,0.0
0,0.0
0,0.0
0,0.0
-2,-3.2317976190476183
0,0.0
0,0.0
8,4.645980158730158
0,0.0
0,0.0
0,0.0
0,0.0
23,29.07454761904762
0,0.0
0,0.0
0,0.0
0,228.0014206349206
7,8.330920634920636
10,6.520861111111112
0,0.0
185,196.597742063492
0,0.0
42,40.619932539682544
0,0.0
89,126.01016883116883
0,0.0
0,0.0
55,80.9663611111111
0,0.0
0,0.0
0,0.0
7,9.65657142857143
0,0.0
4,2.0049047619047617
4,6.75596103896104
19,16.877134920634923
0,0.0
0,0.0
0,0.0
0,0.0
51,57.642109307359306
-8,-8.26366883116883
110,104.47006349206349
2,5.1270515873015885
30,22.462607142857138
0,0.0
82,89.32505555555555
0,0.0
0,0.0
0,0.0
0,0.0
0,0.0
0,0.0
0,5.3239285714285725
0,0.0
0,0.0
0,0.0
0,0.0
6,6.131781746031744
0,0.0
0,0.0
369,390.48296031746037
4,37.25873809523809
2,4.140059523809523
0,0.0
0,0.0
0,0.0
0,0.0
32,23.753253968253972
18,18.55061111111111
3,1.0221071428571427
-15,-13.948930555555558
0,0.0
0,0.0
24,28.10995707070707
0,0.0
10,13.481353174603173
0,0.0
0,0.0
0,0.0
0,0.0
0,0.0
0,0.0
4,5.604770923520922
0,0.0
0,0.0
-8,-12.013698412698409
0,0.0
0,0.0
35,27.879746031746027
0,0.0
0,0.0
15,11.84738492063492
25,30.07523809523809
47,48.93008477633478
0,0.0
0,0.0
16,39.75839285714285
0,0.0
0,0.0
0,0.0
4,3.7947777777777776
0,0.0
2,1.9224603174603172
0,0.0
0,0.0
7,14.647166666666669
38,37.1364769119769
4,15.920297313797308
14,17.713555555555548
0,0.0
0,0.0
0,0.0
0,0.0
0,0.0
0,0.0
0,0.0
2,13.00207142857143
0,0.0
10,14.796031746031748
0,0.0
0,0.0
2,9.622722222222224
0,0.0
0,0.0
-8,-7.1765396825396826
0,0.0
1,1.7052539682539685
0,0.0
0,0.0
35,9.169404761904763
0,0.0
8,3.5517738095238087
2,8.195279581529583
0,0.0
0,0.0
0,0.0
0,0.0
0,0.0
9,6.569218253968254
72,92.46461111111111
5,7.583198412698411
0,0.0
0,0.0
24,25.08286111111111
0,0.0
0,0.0
-6,-8.113884920634922
0,0.0
0,0.0
0,2.52
0,0.0
0,0.0
-15,-11.145527777777778
0,0.0
0,0.0
0,0.0
0,0.0
0,0.0
0,0.0
23,13.532432539682542
0,0.0
0,0.0
0,0.0
0,0.0
15,20.35495598845599
0,0.0
0,0.0
2,2.5045216450216454
0,5.076063492063492
0,0.0
0,0.0
0,0.0
13,5.707283910533907
198,237.12391269841265
0,0.0
19,16.426354978354972
-8,-8.109892857142858
0,0.0
1,5.2671190476190475
0,0.0
215,257.75797619047614
0,0.0
153,216.2112777777778
251,279.11170165945157
0,0.0
180,191.32053679653677
0,0.0
0,0.0
0,0.0
0,0.0
0,0.0
46,29.60450396825396
0,0.0
0,0.0
0,0.0
-14,-14.58663636363636
0,0.0
0,0.0
16,19.943329975579978
2,2.825051587301587
4,1.539926406926407
-14,-13.780549062049063
4,10.043376984126986
36,39.69308333333334
0,0.0
0,0.0
0,0.0
-1,-1.9428134920634923
0,0.0
4,20.55478174603175
0,0.0
0,0.0
9,4.366412698412699
34,41.786392135642146
0,0.0
0,0.0
2,5.832430014430015
19,18.068365079365083
0,0.0
0,0.0
0,0.0
0,0.0
0,0.0
47,47.00216883116884
5,5.154857142857143
0,0.0
0,0.0
0,5.311420634920633
49,64.95688095238096
0,0.0
235,138.0308235930736
0,0.0
0,0.0
0,0.0
217,222.47788095238099
0,0.0
0,0.0
0,0.0
0,0.0
-9,-7.493477272727269
0,0.0
0,0.0
0,0.0
0,0.0
0,0.0
200,208.5420515873016
0,0.0
195,221.72763275613272
0,0.0
0,0.0
0,0.0
0,0.0
0,0.0
-11,-9.594789321789316
0,0.0
6,6.916563492063491
20,35.134190476190476
0,0.0
0,0.0
0,0.0
0,0.0
92,77.0008611111111
0,0.0
0,0.0
0,0.0
0,0.0
230,264.7392222222222
0,0.0
215,214.0188015873016
0,0.0
-10,-11.673845238095236
0,0.0
2,5.630079365079365
0,0.0
69,78.04828174603175
0,0.0
0,0.0
0,0.0
0,0.0
0,0.0
0,0.0
0,0.0
0,0.0
0,0.0
0,0.0
0,0.0
0,0.0
0,0.0
0,0.0
0,0.0
16,16.598119047619043
0,0.0
0,0.0
0,0.0
-5,-8.240757936507935
0,0.0
222,222.6810277777778
0,0.0
0,0.0
0,0.0
0,0.0
0,0.0
26,26.66529653679653
0,0.0
1,2.8874682539682537
0,0.0
0,0.0
0,0.0
0,0.0
0,0.0
5,4.892944444444444
0,0.0
0,0.0
0,0.0
6,4.171623376623377
0,0.0
-7,-12.175873931623931
0,0.0
-6,-7.200861111111112
0,0.0
0,0.0
0,0.0
0,0.0
0,0.0
0,0.0
2,1.1808852813852813
0,0.0
0,0.0
8,4.124321428571429
0,0.0
0,0.0
0,0.0
0,0.0
0,0.0
0,0.0
0,0.0
0,0.0
34,48.02034920634923
0,0.0
338,335.52642279942273
0,0.0
0,0.0
20,58.04135714285713
0,0.0
0,0.0
155,212.72238492063488
0,0.0
-9,-8.385122294372298
0,0.0
0,0.0
24,14.756222943722946
0,0.0
16,19.740333333333325
-14,-13.531190476190478
0,0.0
201,218.693373015873
0,0.0
0,0.0
0,0.0
0,0.0
0,0.0
0,0.0
84,88.90032720057721
0,0.0
0,0.0
0,0.0
0,0.0
6,3.0213333333333336
0,0.0
0,0.0
2,13.536595238095238
0,0.0
3,2.463545815295816
0,0.0
-4,-5.963924603174603
0,0.0
-10,-6.3505772005772
315,318.3630833333333
5,9.355944444444445
0,0.0
0,0.0
0,0.0
13,18.487556277056285
0,0.0
0,0.0
0,0.0
-11,-9.549269480519479
21,21.43220238095238
-8,-7.909902597402598
0,0.0
0,0.0
0,0.0
0,0.0
0,0.0
0,0.0
-6,-11.253388888888885
0,0.0
0,0.0
0,0.0
0,0.0
0,0.0
5,7.323547619047616
0,0.0
0,0.0
0,0.0
0,0.0
0,0.0
0,0.0
-6,-9.021964285714287
0,0.0
0,0.0
0,0.0
1,3.5553452380952377
0,0.0
0,0.0
29,23.90141666666667
0,0.0
0,0.0
0,0.0
0,0.0
170,209.53419444444444
0,0.0
0,0.0
0,0.0
20,19.226599206349203
0,0.0
0,0.0
0,0.0
-1,-2.7872976190476186
289,376.6283928571429
0,0.0
0,0.0
104,35.538685786435785
0,0.0
0,0.0
0,0.0
0,0.0
0,0.0
0,0.0
0,0.0
-7,-7.721857142857142
0,0.0
-2,-2.984384920634921
0,0.0
0,0.0
5,3.3046269841269846
0,0.0
0,0.0
10,20.07584884559885
21,40.161321428571426
0,0.0
0,0.0
0,0.0
0,0.0
0,0.0
0,0.0
57,39.3049329004329
10,6.406250000000001
0,0.0
19,28.178035714285713
93,72.48117532467533
27,30.867868686868697
0,0.0
2,4.851642857142856
4,5.362380952380951
172,198.7174484126985
0,0.0
0,0.0
0,0.0
0,0.0
64,31.06840873015874
0,0.0
0,21.491531746031743
2,17.290317460317464
25,18.856666305916306
0,0.0
0,0.0
0,0.0
0,0.0
0,0.0
208,223.35015079365076
0,15.46088455988456
221,183.9556201298701
0,0.0
0,0.0
0,0.0
0,0.0
0,0.0
0,0.0
-9,-7.192484126984126
0,0.0
0,0.0
7,15.612496031746026
0,0.0
52,52.7969458874459
0,0.0
0,0.0
0,0.0
47,34.23619408369407
2,4.3190317460317456
0,0.0
0,0.0
28,20.452548701298703
0,0.0
0,1.07609126984127
256,249.5101121101121
25,33.776388888888896
0,0.0
0,0.0
0,0.0
270,276.00115873015864
0,0.0
0,0.0
0,0.0
0,0.0
0,0.0
215,218.3834166666667
48,28.64879365079365
0,0.0
0,0.0
0,0.0
3,4.7160753968253974
0,0.0
0,0.0
0,0.0
0,0.0
0,0.0
36,32.21369516594517
0,0.0
207,128.142
0,0.0
0,0.0
0,0.0
0,0.0
82,71.8658088023088
3,6.103539682539683
7,4.565400793650794
0,0.0
10,14.330698412698409
0,0.0
95,77.65373412698413
26,19.246825396825397
0,0.0
2,1.4185447330447332
0,0.0
0,0.0
0,0.0
17,18.262796176046166
0,0.0
0,0.0
31,22.19343181818181
0,0.0
73,72.59211002886005
13,9.185738095238099
0,0.0
0,0.0
-14,-14.83955555555556
0,0.0
0,0.0
0,0.0
0,0.0
2,6.239666666666665
231,204.74401587301588
0,0.0
0,0.0
0,0.0
0,0.0
0,0.0
0,0.0
0,0.0
0,0.0
184,179.0527074314575
0,0.0
63,65.95476479076478
7,2.6141547619047616
27,22.66370418470418
20,15.643658008658008
16,25.006643217893224
0,0.0
0,0.0
76,97.56351587301585
-6,-8.567300865800867
3,15.780329365079364
72,86.22115476190478
0,0.0
0,0.0
0,0.0
0,0.0
0,0.7658253968253971
0,0.0
0,0.0
0,0.0
-7,-7.947088744588744
17,21.932265873015876
46,35.035785714285716
0,0.0
0,0.0
5,3.5939246031746035
19,22.43012842712843
267,309.416757936508
0,0.0
0,0.0
0,0.0
-3,-1.6623968253968258
0,0.0
0,0.0
0,0.0
9,11.65980952380952
0,0.0
0,0.0
0,0.0
0,0.0
0,0.0
0,0.0
1,1.082436507936508
0,0.0
0,0.0
0,0.0
3,2.996626984126985
0,0.0
0,0.0
135,156.7774794372294
1,1.7738730158730158
0,0.0
0,0.0
6,9.374341269841272
0,0.0
0,0.0
0,0.0
0,0.0
0,0.0
0,0.0
0,0.0
0,0.0
0,0.0
331,256.7279523809524
0,0.0
2,2.5351883116883114
0,5.410443722943722
11,14.091450577200579
212,215.57328138528138
-8,-5.231126984126984
0,0.0
0,0.0
0,0.0
0,0.0
0,2.52
0,0.0
0,0.0
0,0.0
0,0.0
21,16.796580086580086
0,0.0
0,0.0
0,0.0
0,0.0
0,0.0
0,0.0
0,0.0
1,7.815765873015872
376,368.1803849206348
2,2.2251507936507937
0,0.0
2,6.434227272727274
0,0.0
0,0.0
0,0.0
0,0.0
5,6.9582229437229435
0,0.0
0,0.0
0,0.0
19,13.835007936507937
19,19.9515873015873
0,0.0
205,234.20805158730164
226,277.51528571428565
212,118.06200000000001
0,0.0
-1,-5.575337301587304
12,11.802484126984128
0,0.0
0,0.0
-3,-4.062321428571428
0,0.0
0,0.0
0,0.0
0,0.0
0,0.0
0,0.0
0,0.0
0,0.0
0,0.0
16,29.534630952380958
0,0.0
0,0.0
0,0.0
88,72.47144444444442
0,0.0
0,0.0
0,0.0
51,51.67575180375181
0,0.0
0,0.0
0,0.0
0,0.0
0,0.0
0,0.0
0,0.0
0,0.0
12,5.640386724386724
5,11.380615079365082
0,0.0
0,0.0
0,0.0
0,0.0
5,5.439829365079366
-13,-15.000734126984128
0,0.0
6,6.565892857142859
0,0.0
41,31.471749999999997
0,0.0
0,0.0
0,0.0
0,0.0
0,0.0
0,0.0
0,0.0
0,0.0
132,95.81776984126985
77,96.05694444444445
17,18.21374098124098
0,0.0
-6,-7.445174242424243
10,10.42147222222222
0,0.0
0,0.0
0,0.0
0,0.0
0,0.0
0,0.0
-10,-10.496166666666667
0,0.0
16,20.021273809523812
0,0.0
0,0.0
0,0.0
0,0.0
230,225.99987301587308
63,60.39141341991343
0,0.0
0,0.0
0,0.0
0,0.0
0,0.0
231,229.8309563492063
0,0.0
0,0.0
2,2.073607142857143
0,0.0
0,0.0
-8,-5.040060606060606
0,0.0
25,28.63367857142857
0,0.0
27,20.402956709956708
0,0.0
0,0.0
0,0.0
0,0.0
48,33.50394444444444
0,0.0
0,0.0
35,24.513238095238094
3,11.316488095238094
38,72.63186904761905
24,28.754567099567097
0,0.0
5,5.117539682539684
0,0.0
0,0.0
0,0.0
0,0.0
0,0.0
0,0.0
0,0.0
0,0.0
0,0.0
0,0.0
0,0.0
0,0.0
0,0.0
0,0.0
3,4.492353174603174
0,0.0
0,0.0
33,40.623396103896106
0,0.0
0,0.0
-10,-16.72886111111111
11,13.242356421356424
0,0.0
15,12.592924603174602
0,0.0
0,0.0
0,0.0
0,0.0
0,0.0
0,0.0
0,0.0
0,0.0
0,0.0
0,0.0
0,0.0
10,7.622706349206352
0,0.0
0,0.0
138,89.00071031746035
0,0.0
15,10.270285714285714
0,0.0
0,0.0
0,0.0
0,0.0
14,19.3789365079365
8,10.236357142857143
0,0.0
0,0.0
0,0.0
1,1.208904761904762
11,11.579571428571423
0,0.0
21,22.223722222222232
37,17.99984415584416
0,0.0
-1,-4.264648629148628
0,0.0
16,22.447230158730164
1,3.0491309523809527
4,6.17955158730159
0,0.0
0,0.0
-11,-9.564765151515154
0,0.0
0,0.0
0,0.0
18,22.426357142857135
0,0.0
0,0.0
10,9.242338023088024
0,0.0
0,0.0
0,0.0
21,23.7110753968254
0,0.0
0,0.0
38,20.59597258297257
28,15.738313492063494
0,0.0
-1,1.1545768398268397
0,0.0
0,0.0
0,0.0
0,0.0
167,190.8921439393939
0,0.0
-8,-8.209734126984127
0,0.0
0,0.0
6,11.286329365079364
1,3.5961904761904764
0,0.0
25,31.193107142857144
11,21.370934343434342
0,0.0
0,0.0
0,0.0
0,0.0
0,0.0
0,0.0
0,0.0
0,0.0
0,0.0
364,354.4239404761905
35,34.60803571428572
0,0.0
0,0.0
5,3.7614603174603185
0,0.0
0,0.0
0,0.0
0,0.0
245,227.98549170274174
203,217.94236507936512
0,0.0
0,0.0
0,0.0
275,219.18450793650794
371,392.3076746031746
0,0.0
18,16.934690476190475
0,0.0
0,0.0
32,32.48289682539682
0,0.0
0,0.0
0,0.0
0,0.0
11,18.814833333333336
61,69.01427272727274
0,0.0
0,0.0
0,0.0
4,4.16781746031746
0,0.0
0,0.0
51,56.123428571428555
-8,-8.8590873015873
0,0.0
0,0.0
0,0.0
0,0.0
0,0.0
0,0.0
3,4.68193759018759
0,0.0
0,0.0
-12,-10.09299206349206
9,8.552767676767678
0,0.0
0,0.0
0,0.0
8,6.951920634920635
-16,-14.382384920634925
0,0.0
0,0.0
0,0.0
0,0.0
0,0.0
-8,-7.015482683982681
60,58.610386363636366
0,0.0
0,0.0
0,0.0
0,0.0
191,213.2065
0,0.0
28,27.064909451659457
-11,-12.114392857142855
11,11.973325396825397
0,0.0
0,0.0
0,0.0
0,0.0
34,30.629992424242428
-11,-12.78131440781441
6,2.4032500000000003
0,0.0
0,0.0
5,5.664603535353535
0,0.0
196,212.68829112554116
0,0.0
92,86.18956746031745
157,187.5945104617605
0,0.0
0,0.0
8,5.0823293650793655
8,14.11421248196248
22,29.324059523809535
0,0.0
0,0.0
0,0.0
20,5.572464285714286
16,21.62280952380952
0,0.0
0,0.0
292,286.6487142857144
212,170.53572150072148
0,0.0
0,0.0
5,3.295702380952383
0,0.0
2,2.69170238095238
-3,-7.072380952380953
0,0.0
16,27.27588095238096
0,0.0
0,0.0
0,0.0
0,0.0
0,0.0
0,0.0
0,0.0
0,0.0
2,4.245353174603174
17,13.599230158730158
-8,-10.031019841269845
0,0.0
0,0.0
0,0.0
9,6.970924603174601
0,0.0
21,19.444019480519483
0,0.0
0,0.0
101,119.81565476190477
25,15.858630952380953
17,18.928603174603175
0,0.0
8,10.464428571428575
0,0.0
44,39.80670274170275
0,0.0
5,5.765333333333331
0,0.0
0,0.0
20,21.804531746031753
18,20.812452380952383
0,0.0
0,0.0
11,10.947953463203465
-4,-8.091765873015872
0,0.0
0,0.0
250,276.6329761904762
0,0.0
0,0.0
19,15.185297619047615
43,25.35744444444444
30,35.52408116883117
0,0.0
3,2.0568015873015866
255,210.2193531746031
0,2.52
0,0.0
0,0.0
-11,-14.123345238095242
0,0.0
0,0.0
0,0.0
0,0.0
-5,-6.680380952380952
0,0.0
0,0.0
4,3.8156150793650805
0,0.0
0,0.0
-8,-8.074678571428572
0,0.0
0,0.0
-8,-7.099186507936508
0,0.0
202,128.142
0,0.0
0,0.0
-3,-2.187834776334777
0,0.0
0,0.0
16,15.356721861471865
0,0.0
0,0.0
0,0.0
0,0.0
-8,-12.496120490620491
0,0.0
0,0.0
0,0.0
0,0.0
6,3.7430198412698417
0,0.0
0,0.0
0,0.0
0,0.0
0,0.0
32,20.668337662337663
0,0.0
0,0.0
0,0.0
0,0.0
15,22.430461760461768
61,66.94366558441558
0,0.0
0,0.0
1,1.4550588023088022
53,54.378230158730155
2,5.921142857142859
0,0.0
0,0.0
9,12.066583333333336
34,43.762753968253975
0,0.0
0,0.0
14,17.118666666666673
2,0.9697193362193361
10,12.552849927849929
93,92.37035137085138
0,0.0
0,0.0
0,0.0
24,45.50148015873014
23,22.75552777777778
0,0.0
0,0.0
0,0.0
0,0.0
24,35.38116269841269
0,0.0
-15,-13.469049062049066
0,0.0
0,0.0
5,5.524761904761905
0,0.0
0,0.0
0,0.0
0,0.0
0,0.0
31,37.71137698412699
5,6.451541486291485
-14,-16.67609920634921
0,0.0
0,1.4704722222222222
0,0.0
0,0.0
0,0.0
0,0.0
0,0.0
0,0.0
92,75.63208730158729
23,15.810928571428569
0,0.0
0,0.0
1,1.0126388888888889
0,0.7208066378066381
0,0.0
0,0.0
0,0.0
0,0.0
0,0.0
0,0.0
0,0.0
17,20.111603174603182
0,0.0
0,0.0
6,7.635297619047618
95,92.0809523809524
0,0.0
25,24.918206349206347
0,0.0
0,0.0
0,0.0
0,0.0
0,0.0
0,0.0
0,0.0
0,0.0
-14,-13.132922077922077
0,0.0
0,0.0
0,0.0
11,26.50813888888889
5,7.4933455988456
0,0.0
9,20.919378427128425
35,29.27004365079366
9,10.32070238095238
0,0.0
0,0.0
0,0.0
0,0.0
27,36.4826507936508
0,0.0
2,4.8389126984127
0,0.0
0,0.0
0,0.0
0,0.0
31,22.691868686868688
31,24.18867424242424
0,0.0
0,0.0
0,0.0
0,0.0
0,0.0
0,0.0
0,0.0
0,0.0
1,6.716857864357866
0,0.0
19,32.45217857142857
0,0.0
0,0.0
0,0.0
0,0.0
42,31.543261544011546
5,4.756503968253968
270,237.71537698412695
-7,-8.06267243867244
0,0.0
0,0.0
0,0.0
0,0.0
0,0.0
0,0.0
0,0.0
0,0.0
0,0.0
7,10.362766594516591
0,0.0
0,0.0
-8,-8.227640692640692
0,0.0
0,0.0
0,0.0
0,0.0
35,17.41118686868687
0,0.0
0,0.0
109,128.25036868686868
-12,-8.673876984126984
0,0.0
0,0.0
0,0.0
14,18.61130555555555
-10,-13.160643772893772
28,34.80496464646464
0,0.0
0,0.0
0,0.0
0,0.0
0,0.0
0,0.0
0,0.0
2,8.609174603174601
0,0.0
0,0.0
0,0.0
0,0.0
69,72.80054365079367
-16,-17.558654761904762
0,0.0
-9,-11.064226190476193
0,0.0
0,0.0
1,2.76234126984127
0,0.0
0,0.0
75,86.90075396825395
0,0.0
20,19.505023809523813
0,0.0
0,0.0
3,4.50813888888889
28,24.155329365079364
8,9.883002164502164
0,0.0
0,0.0
0,0.0
0,0.0
0,0.0
0,0.0
-6,-7.372456349206351
0,0.0
0,0.0
45,26.275134199134204
253,261.09278571428575
0,0.0
0,0.0
7,4.167187950937953
0,0.0
21,12.454858669108674
0,0.0
0,0.0
0,0.0
0,0.0
0,0.0
0,0.0
22,13.162286075036072
0,0.0
0,0.0
0,0.0
13,13.58793253968254
91,103.82226190476193
-14,-13.357158730158734
1,2.465238095238095
146,166.45702380952378
205,218.93884559884566
0,0.0
0,0.0
0,0.0
0,0.0
0,0.0
0,0.0
40,43.30325793650793
0,0.0
0,0.0
0,0.0
0,0.0
101,105.67519047619051
0,0.0
224,238.0676825396825
7,11.33839285714286
0,0.0
0,0.0
44,41.046269119769114
0,0.0
0,0.0
0,0.0
0,0.0
0,0.0
0,0.0
0,0.0
0,0.0
0,0.0
0,0.0
0,0.0
-4,-7.800321067821068
249,179.9505883838384
75,78.78692063492065
0,0.0
0,0.0
0,0.0
25,33.36727380952381
19,25.99437301587302
34,29.343591269841262
0,0.0
0,0.0
0,0.0
0,0.0
0,0.0
0,0.0
2,3.037317460317461
0,0.0
21,18.56379365079364
0,0.0
0,0.0
8,10.716821428571427
0,0.0
0,0.0
0,0.0
0,0.0
0,0.0
43,45.4965119047619
0,0.0
0,0.0
4,7.349753968253968
0,0.0
0,0.0
0,0.0
0,0.0
0,0.0
0,0.0
0,0.0
-14,-19.453392857142862
0,0.0
0,0.0
0,0.0
0,0.0
0,0.0
0,0.0
28,26.758769841269842
0,0.0
0,0.0
0,0.0
28,29.912726551226548
0,0.0
0,0.0
0,0.0
5,3.3208214285714286
0,0.0
0,0.0
225,175.19156529581528
0,0.0
0,0.9138650793650794
0,0.0
0,0.0
34,41.794023809523814
0,0.0
-12,-13.418412698412702
0,0.0
0,0.0
0,0.0
0,0.0
0,0.0
0,0.0
0,0.0
0,0.0
35,31.119392496392496
-5,-7.922044372294371
2,3.5955714285714304
0,0.0
2,8.325392857142857
0,0.0
26,19.299996031746034
0,0.0
0,0.0
10,14.97073015873016
0,0.0
17,10.87376984126984
0,0.0
30,27.617599206349198
0,0.0
66,81.15296031746033
0,0.0
0,0.0
0,0.0
5,4.635230880230879
2,4.717579004329004
36,40.45490079365079
209,153.04588888888895
0,0.0
0,0.0
0,0.0
0,0.0
13,22.53020382395383
24,18.19873809523809
0,0.0
0,0.0
0,0.0
36,28.020321428571425
16,14.80979365079365
0,0.0
66,70.94046031746032
0,0.0
27,35.462928571428556
0,0.0
0,0.0
0,0.0
0,0.0
0,0.0
0,0.0
16,17.360968253968252
0,0.0
255,234.4179563492064
0,0.0
0,0.0
0,0.0
0,0.0
-9,-7.965312770562767
0,0.0
0,0.0
0,0.0
0,0.0
0,0.0
0,0.0
0,0.0
0,0.0
0,0.0
0,0.0
0,0.0
340,315.553130952381
-20,-14.16626262626263
0,0.0
0,0.0
18,15.456980158730158
0,0.0
67,72.68762301587303
0,0.0
0,0.0
376,306.2735140692641
0,0.0
0,0.0
0,0.0
8,10.096718253968255
17,16.133895021645024
0,0.0
0,0.0
142,153.01563095238095
0,0.0
0,0.0
0,0.0
-6,-10.266091269841272
0,0.0
0,0.0
0,0.0
2,2.774031746031745
8,7.27747619047619
18,4.836357142857142
0,0.0
41,35.471325036075044
0,0.0
0,0.0
0,0.0
0,0.0
0,0.0
0,0.0
0,0.0
2,1.171702380952381
3,6.940932900432901
0,0.0
0,0.0
0,0.0
0,0.0
0,0.0
8,5.8659444444444455
16,13.362946248196245
0,0.0
0,0.0
0,0.0
0,0.0
0,0.0
0,0.0
0,0.0
0,0.0
0,0.0
0,0.0
0,0.0
0,0.0
0,0.0
18,22.97711904761905
0,0.0
0,0.0
16,14.5591810966811
0,0.0
0,0.0
0,0.0
0,0.0
0,0.0
0,0.0
0,0.0
0,0.0
0,0.0
0,0.0
0,0.0
0,0.0
0,0.0
0,0.0
0,0.0
0,0.0
0,0.0
10,15.1917518037518
0,0.0
0,0.0
0,0.0
0,0.0
0,0.7796666666666667
0,0.0
0,0.0
37,31.647876984126988
27,38.41425108225108
16,33.24404365079366
-10,-9.938974025974023
0,0.0
32,41.09838383838382
0,0.0
0,0.0
0,0.0
0,0.0
0,0.0
0,0.0
0,0.0
39,37.617111111111114
0,0.0
0,0.0
0,0.0
0,0.0
0,0.0
0,0.0
0,0.0
25,26.590782467532467
0,0.0
-8,-8.192380952380951
19,20.048714285714283
0,0.0
0,0.0
0,0.0
0,0.0
0,0.0
0,0.0
7,5.424993867243866
0,0.0
6,3.889706349206351
0,0.0
0,0.0
41,32.1254126984127
0,0.0
6,5.9818888888888875
0,0.0
0,0.0
0,0.0
0,0.0
18,21.299166666666665
63,68.54456673881673
0,0.0
2,3.5094920634920634
0,0.0
0,0.0
179,207.19669372294368
0,0.0
0,0.0
0,0.0
0,0.0
0,0.0
0,0.0
0,0.0
0,0.0
0,0.0
0,0.0
0,0.0
0,0.0
129,204.0312738095238
0,0.0
0,0.0
0,0.0
0,0.0
10,3.6303051948051945
0,0.0
0,0.0
0,0.0
36,32.73891666666666
64,70.9817261904762
0,0.0
8,5.142160173160173
0,4.785738095238096
0,0.0
73,33.56677777777777
0,0.0
0,0.0
0,0.0
218,220.54823809523808
10,5.27818253968254
0,0.0
0,0.0
1,3.1812142857142844
0,0.0
208,207.20663095238092
0,0.0
0,0.0
0,0.0
140,224.85544047619055
0,0.0
0,0.0
-7,-8.105417887667887
3,2.8798373015873016
0,0.0
0,0.0
12,10.275974386724391
46,68.55197222222222
0,0.0
0,0.0
0,42.84
68,70.16653571428571
0,0.0
0,0.0
0,0.0
6,9.803071428571434
0,0.0
0,0.0
0,0.0
3,5.321453463203462
0,0.0
26,23.71094047619048
8,7.088992063492063
0,0.0
0,0.0
0,0.0
0,0.0
0,0.0
21,13.66678968253968
1,5.035498556998554
0,0.0
0,0.0
2,0.7499246031746034
0,0.0
0,11.317690476190473
0,0.0
0,0.0
0,0.0
0,0.0
0,0.0
0,0.0
0,0.0
0,0.0
0,0.0
0,0.0
0,0.0
0,0.0
0,0.0
0,0.0
0,0.0
22,16.57913095238095
0,0.0
0,0.0
0,0.0
4,7.314952380952384
19,37.82132142857144
0,0.0
0,0.0
0,0.0
-11,-9.912428571428572
0,0.0
5,7.248861111111113
0,0.0
0,0.0
0,0.0
14,26.24917460317459
22,41.20091666666667
4,4.0932103174603185
0,0.0
0,0.0
-8,-8.099043650793652
0,0.0
0,0.0
0,0.0
0,0.0
-8,-10.267118686868686
0,0.0
0,0.0
0,0.0
0,0.0
0,0.0
0,0.0
0,0.0
0,0.0
8,5.879555555555556
0,0.0
-1,-2.0839368686868682
0,0.0
0,0.0
0,0.0
3,3.3941544011544
13,17.39241269841269
0,0.0
102,87.95571825396826
0,0.0
0,0.0
0,0.0
0,0.0
-5,-3.6998134920634937
122,127.47685714285717
20,11.387642857142858
0,0.0
0,0.0
0,0.0
3,11.910674603174607
62,61.006396825396806
0,0.0
0,0.0
-3,-1.7549368686868683
0,0.0
3,3.225154761904762
0,0.0
0,0.0
0,0.0
0,0.0
1,4.301791486291485
0,0.0
20,18.175539682539682
0,0.0
0,0.0
52,94.99796825396827
0,0.0
0,0.0
-7,-7.662410894660895
0,0.0
0,0.0
14,12.901281024531022
11,7.453686507936507
221,214.58782683982685
0,0.0
0,0.0
-9,-9.744277777777775
0,0.0
0,0.0
1,4.489460317460316
0,0.0
0,0.0
168,220.0304523809524
26,27.653697691197696
0,0.0
0,0.0
0,0.0
0,0.0
0,0.0
0,0.0
0,0.0
0,0.0
0,0.0
0,0.0
0,0.0
0,0.0
17,14.94220743145743
0,0.0
22,17.44975793650794
46,28.769722222222235
37,37.1879044011544
28,40.2485873015873
0,0.0
0,0.0
0,0.0
0,0.0
245,184.34541269841262
20,14.59361507936508
0,0.0
0,0.0
258,252.3214836829837
0,0.0
0,0.0
33,26.305765512265506
11,17.58670634920635
0,0.0
0,0.0
0,0.0
0,0.0
0,0.0
0,0.0
42,22.591051587301585
0,0.0
0,0.0
0,0.0
0,0.0
4,4.275003246753247
0,0.0
30,21.695396825396834
8,3.609765873015873
0,0.0
0,0.0
40,54.88892135642135
230,193.4355357142858
0,0.0
0,0.0
0,0.0
9,37.13770634920635
0,0.0
0,0.0
0,0.0
68,70.78300000000002
0,0.0
0,0.0
0,0.0
3,5.628261904761904
263,242.39882142857147
116,146.35024206349206
0,0.0
0,0.0
0,0.0
0,0.0
0,0.0
0,0.0
-13,-7.896109307359308
3,4.495329365079367
0,0.0
0,0.0
0,0.0
0,0.0
0,0.0
0,0.0
0,0.0
0,0.0
50,79.94843253968251
0,0.0
0,0.0
179,177.32280663780668
0,0.0
0,0.0
0,0.0
0,0.0
391,375.28747222222233
-10,-7.776694444444445
0,0.0
0,0.0
0,0.0
0,0.0
0,0.0
140,108.76722582972582
0,0.0
9,3.657952380952381
-6,-8.035293290043288
21,22.53712698412698
0,0.0
0,0.0
0,0.0
0,0.0
0,0.0
98,93.07908730158734
0,0.0
12,12.483615079365078
64,82.65204689754691
0,0.0
0,0.0
0,0.0
19,39.53882936507937
0,0.0
0,0.0
0,0.0
49,37.29860461760462
0,0.0
0,0.0
0,0.0
0,0.0
0,0.0
0,0.0
0,0.0
0,0.0
0,0.0
33,28.668845959595966
0,0.0
0,0.0
17,5.990579365079364
0,0.0
0,0.0
0,0.0
-9,-7.99284090909091
0,0.0
0,0.0
97,86.38097222222221
0,0.0
0,0.0
0,0.0
46,40.90926587301589
0,0.0
78,84.96498412698412
0,0.0
0,0.0
0,0.0
15,18.09840476190476
0,0.0
0,0.0
41,47.519964285714295
0,0.0
0,0.0
5,2.144087301587302
0,0.0
0,0.0
0,0.0
0,0.0
-3,-8.13993831168831
0,0.0
373,379.6445854978354
0,0.0
259,286.4462287157287
0,0.0
346,307.18522835497834
0,0.0
0,0.0
0,0.0
0,0.0
20,16.800714285714285
22,24.951579004328995
0,0.0
0,0.0
0,0.0
20,18.988077200577205
0,0.0
13,22.881669552669553
0,0.0
0,0.0
0,0.0
0,0.0
0,0.0
0,0.0
0,0.0
0,0.0
-8,-10.064857142857146
0,0.0
0,0.0
0,0.0
0,0.0
0,0.0
0,0.0
32,23.044694444444453
0,0.0
39,26.745178571428568
-2,-2.7222500000000003
0,0.0
19,17.04878174603174
0,0.0
0,0.0
0,0.0
0,0.0
0,0.0
0,0.0
0,0.0
0,0.0
3,2.700273809523809
0,0.0
3,3.734345238095238
0,0.0
0,57.605226190476195
0,0.0
7,7.534504689754687
66,46.95302777777777
0,0.0
0,0.0
0,0.0
0,0.0
22,14.133900793650794
26,23.443361111111113
0,0.0
27,29.98980158730159
0,0.0
0,0.0
0,0.0
0,0.0
0,0.0
-5,-8.188734126984127
0,0.0
0,0.0
0,0.0
0,0.0
29,29.472603174603172
22,23.660845238095234
0,0.0
0,0.0
0,0.0
10,9.533293650793652
14,15.683480158730157
0,0.0
0,0.0
0,0.0
11,7.313321428571428
0,0.0
0,0.0
0,0.0
0,0.0
0,0.0
2,1.6001875901875897
0,0.0
0,0.0
19,17.39403968253968
0,0.0
0,0.0
105,86.06886507936508
0,0.0
0,0.0
23,21.546781746031744
0,0.0
0,0.0
0,0.0
0,0.0
0,0.0
0,0.0
21,21.992983766233763
0,0.0
-14,-14.593857142857146
40,22.524742063492067
0,0.0
0,0.0
7,5.069861111111113
202,214.01283910533908
0,0.0
-8,-4.371969336219336
0,0.0
1,3.3179783549783535
0,0.0
266,281.796062049062
0,0.0
29,23.248718253968253
0,0.0
-8,-8.657360389610389
0,0.0
0,0.0
8,13.163880952380948
0,0.0
0,0.0
0,0.0
0,0.0
12,13.428115079365075
4,13.674138888888887
0,0.0
0,0.0
0,0.0
0,0.0
19,12.788551587301585
0,0.0
0,0.0
0,0.0
0,0.0
0,0.0
0,0.0
-8,-7.925929792429791
0,0.0
0,0.0
0,0.0
0,0.0
0,0.0
0,0.0
41,27.516803391053394
25,33.02093253968253
9,16.183484126984126
14,14.272829365079366
0,0.0
0,0.0
0,0.0
0,0.0
0,0.0
0,0.0
19,7.677604978354977
0,0.0
12,18.450770923520928
0,0.0
0,0.0
33,21.448006493506497
0,0.0
20,31.73495598845599
0,0.0
2,3.8719444444444453
0,0.0
3,7.258039682539682
0,0.0
0,0.0
0,0.0
0,0.0
-11,-6.725861416361417
0,0.0
0,0.0
0,0.0
76,72.35263888888886
0,0.0
0,0.0
0,0.0
0,0.0
0,0.0
22,23.219030663780657
0,0.0
10,12.456727272727273
31,18.452125541125543
0,0.0
1,3.043265873015873
0,0.0
0,0.0
0,0.0
0,0.0
208,187.65433730158733
0,0.0
0,0.0
14,14.102456349206353
12,16.261847402597404
0,0.0
185,205.07404365079367
2,7.969079365079365
8,10.74145634920635
31,26.248940115440117
0,0.0
0,0.0
323,382.26018650793645
0,0.0
0,0.0
0,0.0
0,0.0
0,0.0
0,0.0
0,0.0
7,7.526880952380952
0,0.0
4,9.645119047619051
0,0.0
0,0.0
0,0.0
0,0.0
0,0.0
5,5.412428571428571
7,15.050980158730155
35,41.18150396825396
9,6.49857142857143
0,0.0
0,0.0
0,0.0
0,0.0
0,0.0
0,0.0
2,4.6900634920634925
0,0.0
0,0.0
0,0.0
0,0.0
0,0.0
0,0.0
0,0.0
0,0.0
0,0.0
0,0.0
17,28.396979076479077
0,0.0
0,0.0
4,4.754800865800867
73,75.68763095238096
0,0.0
8,8.599904761904764
0,0.0
0,0.0
8,6.457612914862915
0,0.0
40,32.29910714285715
0,0.0
0,0.0
0,0.0
120,158.97954761904762
-10,-11.78906746031746
0,0.0
61,36.7144246031746
0,0.0
0,0.0
0,0.0
0,0.0
0,0.0
24,17.091678571428574
0,0.0
90,106.17390079365082
0,0.0
2,3.2776587301587288
0,0.0
0,0.0
0,0.0
0,0.0
0,0.0
0,0.0
0,0.0
0,0.0
0,0.0
0,0.0
74,89.2826111111111
0,0.0
0,0.0
0,0.0
0,0.0
0,0.0
0,0.0
0,0.0
0,0.0
10,18.80020634920635
0,0.0
0,0.0
0,0.0
16,37.06926587301588
0,0.0
-17,-10.731829365079369
0,0.0
0,0.0
0,0.0
-1,-3.2251825396825398
-10,-7.579095238095237
15,22.646988095238097
0,0.0
0,0.0
28,29.579595959595974
0,0.0
8,6.920523088023088
0,0.0
0,0.0
66,71.24915476190478
0,0.0
0,0.0
-2,-1.9037301587301587
0,0.0
0,0.0
0,0.0
0,0.0
0,2.52
0,0.0
0,0.0
0,0.0
0,0.24720670995670993
0,0.0
0,0.0
0,0.0
19,49.18782323232322
0,0.0
429,383.89199603174615
0,0.0
53,62.13237301587301
0,0.0
0,0.0
0,0.0
0,0.0
0,0.0
0,0.0
19,14.581710317460315
0,0.0
-1,-2.518019841269842
0,0.0
59,36.88809884559884
3,4.096309523809524
0,0.0
0,0.0
0,0.0
0,0.0
0,0.0
2,8.158480158730162
0,0.0
0,0.0
0,0.0
0,0.0
-10,-12.463075396825399
0,0.0
52,74.55151190476191
0,0.0
0,0.0
2,5.293424963924963
31,29.521468253968266
0,0.0
0,0.0
0,0.0
0,0.0
0,0.0
0,0.0
0,0.0
-9,-4.946797619047619
0,0.0
0,0.0
0,0.0
0,0.0
0,0.0
0,0.0
12,9.56290079365079
0,0.0
0,0.0
0,0.0
7,6.85434126984127
48,51.30482287157286
-6,-8.048003968253969
0,0.0
0,0.0
0,0.0
0,40.32
0,0.0
0,0.0
0,0.0
0,0.0
0,0.0
0,0.0
102,76.64979761904763
22,26.846841269841274
0,0.0
0,0.0
0,0.0
0,2.52
0,0.0
0,0.0
0,6.391321428571427
0,0.0
0,0.0
0,0.0
-14,-14.018668650793652
0,0.0
0,0.0
0,0.0
0,0.0
-7,-6.274244588744587
0,0.0
0,0.0
0,0.0
0,0.0
103,79.81896031746031
0,0.0
137,72.84140873015872
-9,-11.63659668109668
14,8.806369047619048
20,31.92165079365079
0,0.0
12,13.80884920634921
0,0.0
0,0.0
0,0.0
0,0.0
0,0.0
0,0.0
0,14.109824314574317
0,0.0
0,0.0
0,0.0
23,29.80472827172827
0,0.0
7,13.564182539682541
0,0.0
0,0.0
0,0.0
0,11.814849206349201
0,0.0
0,0.0
0,0.0
0,0.0
0,0.0
41,30.192408730158732
3,3.215876984126984
0,0.0
0,0.0
0,0.0
14,21.255595238095236
0,0.0
0,0.0
0,0.0
0,0.0
13,16.064107142857143
0,0.0
10,16.77498015873016
0,0.0
-11,-10.25269047619048
0,0.0
153,92.67271031746033
33,20.670682539682538
3,1.268254329004329
21,31.1176746031746
0,0.0
0,0.0
0,0.0
3,1.3623214285714282
-8,-7.2620205627705605
0,0.0
0,0.0
0,0.0
26,21.93432070707071
0,0.0
17,30.65725793650794
0,0.0
0,0.0
101,26.426809523809524
0,0.0
28,20.75616666666667
0,0.0
6,6.069437950937954
0,0.0
138,153.13065476190476
-7,-5.508976190476191
0,0.0
-13,-10.121143162393166
0,0.0
78,112.71516233766235
0,0.0
0,0.0
0,0.0
0,0.0
0,0.0
0,0.0
0,0.0
0,0.0
0,0.0
113,120.86754725829725
0,0.0
0,0.0
0,0.0
-8,-11.400555555555554
0,0.0
0,0.0
0,0.0
0,0.0
0,0.0
0,0.0
-8,-7.604786435786434
2,4.610043650793651
0,0.0
2,3.0879520202020188
0,0.0
0,0.0
0,0.0
0,0.0
0,0.0
242,201.33652380952387
0,0.0
47,43.63426443001444
3,4.510936507936508
0,0.0
10,11.756793650793654
0,0.0
0,0.0
0,0.0
0,0.0
0,0.0
0,0.0
50,69.88584343434344
38,31.6200753968254
1,2.748075036075036
-8,-6.505571428571428
0,0.0
0,0.0
0,0.0
0,0.0
0,0.0
0,0.0
0,0.0
0,0.0
0,0.0
17,11.604206349206354
0,0.0
0,0.0
24,25.26659668109669
0,0.0
44,38.42041666666667
46,29.683511904761907
0,0.0
0,0.0
17,21.76413492063492
0,0.0
236,213.5827041847041
0,0.0
0,0.0
0,0.0
0,0.0
0,0.0
0,0.0
0,0.0
0,0.0
0,0.0
0,0.0
0,0.0
0,0.0
0,0.0
0,0.0
22,21.508742063492065
34,32.79420238095239
13,10.433882756132759
0,0.0
0,0.0
-13,-14.124547619047622
0,0.0
0,0.0
3,4.5667817460317455
0,0.0
122,93.81946825396827
0,0.0
17,9.240289682539684
0,0.0
0,0.0
71,67.94805158730162
0,0.0
0,0.0
0,0.0
0,0.0
0,0.0
16,41.18251154401155
0,0.0
0,0.0
0,0.0
0,0.0
0,0.0
0,0.0
89,77.40627380952381
0,0.0
0,0.0
0,0.0
2,3.9702615440115436
0,0.0
0,0.0
0,0.0
0,0.0
0,0.0
65,73.9122738095238
0,0.0
1,3.5798611111111116
22,15.217298701298702
0,0.0
0,0.0
0,0.0
0,0.0
0,0.0
27,40.09147366522368
0,0.0
451,375.28747222222233
0,0.0
5,6.798444444444445
10,17.36849603174603
0,0.0
3,4.004107142857142
0,0.0
54,60.37181565656565
0,0.0
0,0.0
0,0.0
0,0.0
0,0.0
29,31.800452380952375
0,0.0
0,0.0
0,0.0
0,0.0
120,117.22267063492063
171,207.88069444444443
8,8.806285714285712
42,21.533024170274174
0,0.0
0,0.0
0,0.0
0,0.0
0,0.0
0,0.0
0,0.0
0,0.0
0,0.0
16,13.828424603174604
0,0.0
0,0.0
0,0.0
4,4.42458152958153
-12,-14.038517857142859
0,0.0
0,0.0
0,0.0
0,0.0
2,1.6162557720057722
3,7.822809523809524
0,0.0
0,0.0
43,45.87534126984127
40,8.618365440115438
0,0.0
0,0.0
0,0.0
0,0.0
12,9.631222222222219
31,12.11954761904762
0,0.0
0,0.0
0,0.0
0,0.0
-8,-9.039398629148632
0,0.0
0,0.0
50,80.64024603174603
155,183.87022619047622
0,0.0
350,392.1186966089467
0,0.0
264,281.97995490620485
0,0.0
0,0.0
0,0.0
0,0.0
0,0.0
249,281.3661215728716
28,46.94616666666668
28,20.560963924963925
0,0.0
19,9.152400793650795
0,0.0
0,0.0
193,188.26115079365078
154,210.2668373015873
0,0.0
0,0.0
0,0.0
0,0.0
0,0.0
0,0.0
0,0.0
0,0.0
0,0.0
0,0.0
0,0.0
0,0.0
9,5.429198412698415
-3,-4.872380952380951
0,0.0
0,0.0
2,2.056805555555555
0,0.0
0,0.0
167,191.12205952380955
41,55.20751587301586
0,0.0
0,0.0
0,0.0
0,0.0
0,0.0
0,0.0
18,32.68330952380953
0,0.0
81,72.91605772005772
0,0.0
105,72.42998809523807
0,0.0
0,0.0
0,0.0
31,23.509150793650793
15,22.480659090909086
0,0.0
0,0.0
33,21.588510822510813
0,0.0
-4,-8.213083333333334
0,0.0
210,205.31269444444445
0,0.0
0,0.0
0,0.0
0,0.0
0,0.0
0,0.0
0,0.0
0,0.0
0,0.0
99,94.13788386613388
0,0.0
0,0.0
6,6.850249278499279
0,0.0
0,0.0
0,0.0
-13,-12.771146825396825
40,39.214541486291466
-6,-5.153040764790765
0,1.8532896825396818
0,0.0
0,0.0
0,0.0
0,0.0
0,0.0
0,0.0
0,0.0
0,0.0
0,0.0
0,0.0
53,58.7340595238095
0,0.0
12,6.753770202020202
0,0.0
0,0.0
76,83.49136507936505
0,0.0
209,189.8351031746032
28,30.33511111111111
0,0.0
0,0.0
0,0.0
1,1.298699134199134
0,0.0
0,0.0
0,0.0
-4,-7.248380952380955
24,18.47745695970696
1,5.067543650793651
0,0.0
0,0.0
0,0.0
9,52.33876587301587
0,0.0
-7,-7.907535714285716
0,0.0
5,6.076623015873016
0,0.0
-5,-7.471063492063494
287,265.42629365079364
